x, y, th, stamp, 
-5.5088067054748535, 7.059074878692627, -1.1947135928629051, 1707435868007852523, 
-5.5088067054748535, 7.059074878692627, -1.1947135793849248, 1707435868059842865, 
-5.5088067054748535, 7.059074878692627, -1.194713689246078, 1707435868108818289, 
-5.5088067054748535, 7.059074878692627, -1.1947138017478458, 1707435868158797142, 
-5.5088067054748535, 7.059074878692627, -1.1947136400895046, 1707435868208752660, 
-5.5088067054748535, 7.059074878692627, -1.1947136400895046, 1707435868247918809, 
-5.5088067054748535, 7.059074878692627, -1.1947135947241045, 1707435868299380101, 
-5.5088067054748535, 7.059074878692627, -1.1947137205829643, 1707435868348327038, 
-5.5088067054748535, 7.059074878692627, -1.1947138315589532, 1707435868407982243, 
-5.5088067054748535, 7.059074878692627, -1.1947138092265035, 1707435868459222637, 
-5.5088067054748535, 7.059074878692627, -1.1947137992395058, 1707435868508846957, 
-5.5088067054748535, 7.059074878692627, -1.1947137992395058, 1707435868558847508, 
-5.5088067054748535, 7.059074878692627, -1.1947137992395058, 1707435868607944452, 
-5.5088067054748535, 7.059074878692627, -1.1947137992395058, 1707435868647979978, 
-5.5088067054748535, 7.059074878692627, -1.1947137384647044, 1707435868698966418, 
-5.5088067054748535, 7.059074878692627, -1.1947137577339813, 1707435868748229735, 
-5.5088067054748535, 7.059074878692627, -1.194713751719062, 1707435868809620732, 
-5.5088067054748535, 7.059074878692627, -1.1947137578801161, 1707435868859089914, 
-5.5088067054748535, 7.059074878692627, -1.1947137756379158, 1707435868907861444, 
-5.5088067054748535, 7.059074878692627, -1.1947137833673278, 1707435868958844029, 
-5.5088067054748535, 7.059074878692627, -1.1947141238859094, 1707435869008542973, 
-5.5088067054748535, 7.059074878692627, -1.1947141238859094, 1707435869048630279, 
-5.5088067054748535, 7.059074878692627, -1.194713603759193, 1707435869118812616, 
-5.5088067054748535, 7.059074878692627, -1.1947136348963303, 1707435869168753318, 
-5.5088067054748535, 7.059074878692627, -1.1947136514031924, 1707435869208104761, 
-5.5088067054748535, 7.059074878692627, -1.1947138401264705, 1707435869259841532, 
-5.5088067054748535, 7.059074878692627, -1.1947135729957727, 1707435869308836904, 
-5.5088067054748535, 7.059074878692627, -1.1947131599004568, 1707435869358806648, 
-5.5088067054748535, 7.059074878692627, -1.1947128774866334, 1707435869408761883, 
-5.5088067054748535, 7.059074878692627, -1.1947124479879518, 1707435869447966321, 
-5.5088067054748535, 7.059074878692627, -1.194712018591289, 1707435869499807371, 
-5.5088067054748535, 7.059074878692627, -1.194711696240573, 1707435869548235700, 
-5.5088067054748535, 7.059074878692627, -1.1947116906749076, 1707435869607873545, 
-5.5088067054748535, 7.059074878692627, -1.1947116792652337, 1707435869657951780, 
-5.5088067054748535, 7.059074878692627, -1.194711275665668, 1707435869708091608, 
-5.5088067054748535, 7.059074878692627, -1.1947108175046945, 1707435869758004858, 
-5.5088067054748535, 7.059074878692627, -1.1947108087826497, 1707435869808762749, 
-5.5088067054748535, 7.059074878692627, -1.1947108087826497, 1707435869847951280, 
-5.5088067054748535, 7.059074878692627, -1.1947108087826497, 1707435869899773802, 
-5.5088067054748535, 7.059074878692627, -1.1947108087826497, 1707435869948176120, 
-5.5088067054748535, 7.059074878692627, -1.1947108087826497, 1707435870007869367, 
-5.5088067054748535, 7.059074878692627, -1.1947105281926487, 1707435870059869566, 
-5.508807182312012, 7.059073448181152, -1.1946995010407573, 1707435870107894135, 
-5.508920669555664, 7.058867931365967, -1.1924006862641654, 1707435870158826452, 
-5.508509635925293, 7.05852746963501, -1.1675943810152185, 1707435870208779430, 
-5.508018970489502, 7.058081150054932, -1.142480700004255, 1707435870247974456, 
-5.5081610679626465, 7.0572309494018555, -1.1122779714590523, 1707435870299764970, 
-5.507869720458984, 7.056692600250244, -1.0863098728785745, 1707435870348381088, 
-5.507587432861328, 7.056118011474609, -1.0568075244498754, 1707435870408232232, 
-5.5074992179870605, 7.055654048919678, -1.031806399498275, 1707435870458967521, 
-5.507211685180664, 7.055210590362549, -1.0065028234537017, 1707435870507874301, 
-5.506906986236572, 7.05473518371582, -0.9800649285726575, 1707435870558829495, 
-5.506657123565674, 7.0541462898254395, -0.9556119030093022, 1707435870609785906, 
-5.506375789642334, 7.053725719451904, -0.936739886906187, 1707435870647975606, 
-5.505856037139893, 7.053077220916748, -0.9110137557227271, 1707435870699668704, 
-5.505588531494141, 7.052493095397949, -0.8859049131783124, 1707435870748252036, 
-5.505019187927246, 7.051852703094482, -0.8557852302872239, 1707435870808225749, 
-5.50443172454834, 7.051231861114502, -0.8303630222742675, 1707435870859388506, 
-5.503997802734375, 7.050723552703857, -0.805981268695128, 1707435870907860078, 
-5.503449440002441, 7.050145626068115, -0.7794897768743217, 1707435870958836280, 
-5.502774715423584, 7.049497604370117, -0.7525398175743521, 1707435871008789251, 
-5.502328872680664, 7.049117088317871, -0.7323815156184775, 1707435871047977543, 
-5.501830577850342, 7.048463344573975, -0.7080376950142064, 1707435871098916973, 
-5.501148700714111, 7.048028945922852, -0.684380152891827, 1707435871148310679, 
-5.500457286834717, 7.047331809997559, -0.6550101716726341, 1707435871207874311, 
-5.499735355377197, 7.046822547912598, -0.6288919916790356, 1707435871258055180, 
-5.499008655548096, 7.046169757843018, -0.6017929225780081, 1707435871307880254, 
-5.498373985290527, 7.045603275299072, -0.5764225751642723, 1707435871358837730, 
-5.4973649978637695, 7.044937610626221, -0.5510308436827633, 1707435871408792551, 
-5.496491432189941, 7.04442024230957, -0.5316301836442743, 1707435871447984308, 
-5.495483875274658, 7.043710231781006, -0.5076753672724504, 1707435871499444934, 
-5.494461536407471, 7.043235778808594, -0.4830090686110025, 1707435871547940172, 
-5.493375301361084, 7.042566299438477, -0.45142641978765097, 1707435871608163965, 
-5.492629528045654, 7.042070388793945, -0.43148181783919415, 1707435871648880353, 
-5.49115514755249, 7.041470527648926, -0.4034273288681567, 1707435871708159442, 
-5.489844799041748, 7.0409255027771, -0.37858802724610263, 1707435871758406662, 
-5.488785743713379, 7.040373802185059, -0.35335829311719485, 1707435871809242920, 
-5.487812519073486, 7.040083885192871, -0.3319886841247431, 1707435871849035243, 
-5.486717224121094, 7.039560794830322, -0.30552386656784297, 1707435871899452611, 
-5.48549747467041, 7.0392045974731445, -0.28125051677240787, 1707435871948655749, 
-5.483889579772949, 7.038675785064697, -0.252064309297341, 1707435872008014947, 
-5.482718467712402, 7.038181781768799, -0.2281463699777163, 1707435872059193166, 
-5.4812822341918945, 7.0379838943481445, -0.20378292898418685, 1707435872107873456, 
-5.479859352111816, 7.037646770477295, -0.17798985647003207, 1707435872158050467, 
-5.4784135818481445, 7.037350177764893, -0.1509737139765504, 1707435872207953539, 
-5.477173328399658, 7.037189960479736, -0.12927025092315522, 1707435872248223452, 
-5.475161075592041, 7.036712646484375, -0.09212867533120095, 1707435872318281666, 
-5.474289894104004, 7.036632537841797, -0.07671682906050603, 1707435872348289055, 
-5.472532749176025, 7.036436557769775, -0.047005326426750045, 1707435872407897394, 
-5.470948696136475, 7.036341190338135, -0.02147736144015168, 1707435872457865913, 
-5.469412803649902, 7.036356449127197, 0.003935687849670073, 1707435872507892690, 
-5.46812629699707, 7.036266326904297, 0.02893033465337965, 1707435872558849348, 
-5.4666290283203125, 7.036413669586182, 0.05535716717421191, 1707435872608813700, 
-5.4652910232543945, 7.036488056182861, 0.07834410360168317, 1707435872647889396, 
-5.463126182556152, 7.036625385284424, 0.11313805197226763, 1707435872699738063, 
-5.461141109466553, 7.036872863769531, 0.14585887290988586, 1707435872748256856, 
-5.4586501121521, 7.0371599197387695, 0.18300176440409355, 1707435872807887639, 
-5.456423282623291, 7.037531852722168, 0.21277682466046682, 1707435872859070581, 
-5.4539794921875, 7.038157939910889, 0.2449172652677004, 1707435872907915329, 
-5.451279163360596, 7.038996696472168, 0.28226913333144266, 1707435872957854502, 
-5.448765754699707, 7.03955078125, 0.3203093770948097, 1707435873008806022, 
-5.446835994720459, 7.040120601654053, 0.3491835470022675, 1707435873047880734, 
-5.444392681121826, 7.0408406257629395, 0.38585821471593795, 1707435873099756522, 
-5.442024230957031, 7.041935443878174, 0.4212300813564189, 1707435873148669658, 
-5.438769817352295, 7.043581008911133, 0.4674021715398615, 1707435873207900052, 
-5.435910224914551, 7.0450029373168945, 0.5078453468672472, 1707435873258948878, 
-5.433467864990234, 7.046645641326904, 0.5466097891869821, 1707435873307899968, 
-5.4310784339904785, 7.048053741455078, 0.5863348100787698, 1707435873357858059, 
-5.428834438323975, 7.0496063232421875, 0.6241365920237812, 1707435873408823280, 
-5.426946640014648, 7.050828456878662, 0.6553004085045206, 1707435873447923735, 
-5.424521446228027, 7.0525803565979, 0.6951924881993963, 1707435873499669565, 
-5.4221978187561035, 7.054538249969482, 0.7340484122249613, 1707435873548301796, 
-5.419475555419922, 7.057043552398682, 0.7791022972642095, 1707435873608035677, 
-5.417255401611328, 7.0591139793396, 0.8174192603891133, 1707435873658921454, 
-5.4154486656188965, 7.061185836791992, 0.856034724560732, 1707435873707891552, 
-5.413532257080078, 7.06356954574585, 0.8972763689250202, 1707435873757860263, 
-5.411661148071289, 7.065876007080078, 0.9379008751458237, 1707435873808814723, 
-5.410241603851318, 7.0678229331970215, 0.9701962859116079, 1707435873847950895, 
-5.408505439758301, 7.0702805519104, 1.0085721113848225, 1707435873898877915, 
-5.406302452087402, 7.073394298553467, 1.0412714533421747, 1707435873968816855, 
-5.405454635620117, 7.074837684631348, 1.0552590025781248, 1707435874007906516, 
-5.404506683349609, 7.076755523681641, 1.0766869810527404, 1707435874059900138, 
-5.403228282928467, 7.079024791717529, 1.099369395967669, 1707435874107909276, 
-5.402108192443848, 7.081453800201416, 1.1214128561436465, 1707435874157863917, 
-5.400813102722168, 7.083856105804443, 1.14505871071053, 1707435874208830342, 
-5.400013446807861, 7.085819721221924, 1.1637241924039905, 1707435874247950765, 
-5.398798942565918, 7.088239669799805, 1.1873016616094048, 1707435874299230487, 
-5.397860527038574, 7.090800762176514, 1.2110153935286547, 1707435874348602847, 
-5.396633625030518, 7.093874931335449, 1.239314198690873, 1707435874407906556, 
-5.395688056945801, 7.096548557281494, 1.2636876768911485, 1707435874459164167, 
-5.394869327545166, 7.099092960357666, 1.2870881458983419, 1707435874508028072, 
-5.394072532653809, 7.101722240447998, 1.3108885799112613, 1707435874557995068, 
-5.393227577209473, 7.104342937469482, 1.334446197347617, 1707435874609452364, 
-5.392731666564941, 7.106494903564453, 1.354137797535038, 1707435874649123478, 
-5.392031192779541, 7.109363555908203, 1.37799358787679, 1707435874699260903, 
-5.3914713859558105, 7.112188339233398, 1.4023173757706342, 1707435874748743759, 
-5.3906965255737305, 7.11562442779541, 1.4322007258518972, 1707435874808906099, 
-5.390316963195801, 7.118378162384033, 1.4568503462020843, 1707435874859057980, 
-5.389920234680176, 7.121150970458984, 1.4806741471385128, 1707435874907915378, 
-5.3896965980529785, 7.123880386352539, 1.5053338860212748, 1707435874958836898, 
-5.389464378356934, 7.126689434051514, 1.5297430064344466, 1707435875008120102, 
-5.389344215393066, 7.1290388107299805, 1.5510066725849316, 1707435875049277882, 
-5.389288425445557, 7.133057117462158, 1.5856988012951483, 1707435875118549077, 
-5.389279842376709, 7.1348395347595215, 1.6014097387552009, 1707435875147922374, 
-5.389299392700195, 7.138333320617676, 1.6312824770973413, 1707435875207936414, 
-5.389354228973389, 7.141077518463135, 1.655702958621727, 1707435875258176000, 
-5.389554977416992, 7.144009590148926, 1.6802413561717666, 1707435875307943651, 
-5.389863967895508, 7.146828651428223, 1.7055675293272765, 1707435875357928536, 
-5.390146255493164, 7.1497015953063965, 1.7309680342497173, 1707435875407958467, 
-5.390473365783691, 7.152137279510498, 1.7523929776340317, 1707435875449236621, 
-5.390995979309082, 7.15494441986084, 1.7772379119830315, 1707435875499528367, 
-5.391570568084717, 7.157729625701904, 1.8026434317614926, 1707435875548651326, 
-5.392449378967285, 7.161301136016846, 1.8332330572242175, 1707435875607933212, 
-5.393085479736328, 7.1642374992370605, 1.859381312314754, 1707435875658933269, 
-5.3939738273620605, 7.167121887207031, 1.8853379718766157, 1707435875708114855, 
-5.394839286804199, 7.169873237609863, 1.9107546524522776, 1707435875758110588, 
-5.395750045776367, 7.172706127166748, 1.9369743753570898, 1707435875808993864, 
-5.396504878997803, 7.174858570098877, 1.9566652970840366, 1707435875849022415, 
-5.397667407989502, 7.177677154541016, 1.98286848718249, 1707435875899792283, 
-5.399465560913086, 7.181695461273193, 2.021236385042587, 1707435875969449665, 
-5.400554180145264, 7.1840620040893555, 2.043818989503245, 1707435876008962613, 
-5.4018778800964355, 7.186798572540283, 2.071262095768557, 1707435876059147398, 
-5.40326452255249, 7.189310073852539, 2.096385245992963, 1707435876107975238, 
-5.404812335968018, 7.19188928604126, 2.123292032004866, 1707435876157927798, 
-5.406408786773682, 7.19456148147583, 2.1508025416942975, 1707435876209165986, 
-5.407773494720459, 7.196751117706299, 2.1729665130306883, 1707435876249013213, 
-5.409518241882324, 7.1993560791015625, 2.20004058699764, 1707435876299295335, 
-5.411314964294434, 7.201915740966797, 2.227366504497736, 1707435876349490036, 
-5.413395404815674, 7.2047624588012695, 2.258058671893722, 1707435876409124710, 
-5.414848804473877, 7.206561088562012, 2.2788495738334995, 1707435876458000971, 
-5.415436744689941, 7.207662105560303, 2.2893825789313738, 1707435876508947319, 
-5.415424346923828, 7.207806587219238, 2.291013203756285, 1707435876557922068, 
-5.415197372436523, 7.207661151885986, 2.2894649636208135, 1707435876608841640, 
-5.415152072906494, 7.207433223724365, 2.2871206670269646, 1707435876649030986, 
-5.415138244628906, 7.207432746887207, 2.2871206670269646, 1707435876698919580, 
-5.415138244628906, 7.207432746887207, 2.2871206670269646, 1707435876748542488, 
-5.415146350860596, 7.207373142242432, 2.2866680344763117, 1707435876807944925, 
-5.415142059326172, 7.20740270614624, 2.2868926936478164, 1707435876859149217, 
-5.4153523445129395, 7.207590579986572, 2.2884471818131695, 1707435876907923268, 
-5.416861534118652, 7.208999156951904, 2.3065023579610546, 1707435876957890570, 
-5.419435501098633, 7.211483955383301, 2.332509112767174, 1707435877009842616, 
-5.422123432159424, 7.214418888092041, 2.356801123802953, 1707435877049020514, 
-5.42647647857666, 7.218366622924805, 2.3948497638838524, 1707435877098926212, 
-5.431097030639648, 7.222293376922607, 2.434643767468442, 1707435877148817125, 
-5.436051368713379, 7.226893901824951, 2.477987399984525, 1707435877207933198, 
-5.440087795257568, 7.230325222015381, 2.5105819062519, 1707435877258932396, 
-5.444250106811523, 7.233253002166748, 2.539957549906313, 1707435877307938261, 
-5.448801517486572, 7.2363080978393555, 2.573242179374361, 1707435877357893695, 
-5.45337438583374, 7.239340782165527, 2.6061664309686363, 1707435877408861334, 
-5.456839084625244, 7.241557598114014, 2.6312899924495032, 1707435877449276361, 
-5.462896823883057, 7.244818687438965, 2.6764893996526786, 1707435877518439167, 
-5.465491771697998, 7.246292591094971, 2.696360606518625, 1707435877547886870, 
-5.4709367752075195, 7.2491068840026855, 2.733858906268904, 1707435877608928417, 
-5.475452423095703, 7.251052379608154, 2.7633965354563554, 1707435877659290310, 
-5.479751110076904, 7.252820014953613, 2.791834833856753, 1707435877708932683, 
-5.483888149261475, 7.254366874694824, 2.8190877179618377, 1707435877759542680, 
-5.487898826599121, 7.255671977996826, 2.845190242860565, 1707435877809073675, 
-5.491318702697754, 7.256623268127441, 2.8671596188578934, 1707435877849151217, 
-5.49575662612915, 7.257824420928955, 2.8958565879639733, 1707435877899378202, 
-5.500166416168213, 7.258956432342529, 2.924355495062644, 1707435877949723131, 
-5.505410194396973, 7.260024547576904, 2.9558849348504603, 1707435878009502150, 
-5.509835243225098, 7.260796546936035, 2.982418986404167, 1707435878059184404, 
-5.514206886291504, 7.261329650878906, 3.010022639930069, 1707435878108949130, 
-5.518449306488037, 7.26174783706665, 3.0364427433899923, 1707435878157932787, 
-5.52262020111084, 7.262081623077393, 3.062516208380922, 1707435878208964763, 
-5.5260138511657715, 7.262320518493652, 3.0834541237963173, 1707435878249145552, 
-5.530303478240967, 7.262624263763428, 3.1089761288808866, 1707435878299012629, 
-5.534569263458252, 7.262735843658447, 3.1335635193459654, 1707435878349267801, 
-5.539883136749268, 7.262875080108643, -3.1204566939068936, 1707435878409226600, 
-5.544243335723877, 7.262821197509766, -3.0959706352033205, 1707435878459264500, 
-5.548382759094238, 7.262712001800537, -3.0702490879688895, 1707435878509428456, 
-5.5526885986328125, 7.262385368347168, -3.0457577685386785, 1707435878558206884, 
-5.55712366104126, 7.262115001678467, -3.0196626114996814, 1707435878609002365, 
-5.5608367919921875, 7.261830806732178, -2.999018918834072, 1707435878649054662, 
-5.567361354827881, 7.2607421875, -2.9643724055497556, 1707435878718329935, 
-5.570136547088623, 7.260354995727539, -2.9490434995438144, 1707435878749762313, 
-5.5752692222595215, 7.259330749511719, -2.92031645450062, 1707435878809082798, 
-5.579669952392578, 7.25824499130249, -2.894921788555094, 1707435878858968245, 
-5.583981513977051, 7.256892681121826, -2.868891984658071, 1707435878909318270, 
-5.588376522064209, 7.255688667297363, -2.843370958389664, 1707435878959085291, 
-5.5928874015808105, 7.254368305206299, -2.8193278920909153, 1707435879009039090, 
-5.596436500549316, 7.253147602081299, -2.800316034334344, 1707435879049148504, 
-5.600619792938232, 7.251517295837402, -2.7749592802933347, 1707435879099545724, 
-5.605891227722168, 7.2493367195129395, -2.737176431808974, 1707435879169051779, 
-5.607802391052246, 7.248663902282715, -2.716003919279169, 1707435879209596676, 
-5.609144687652588, 7.248102188110352, -2.6996089592702397, 1707435879259009446, 
-5.610012531280518, 7.247985363006592, -2.693116630743474, 1707435879309031221, 
-5.610002517700195, 7.248005390167236, -2.6935666214167715, 1707435879357933406, 
-5.609599590301514, 7.24819278717041, -2.6962315198535527, 1707435879408868609, 
-5.609561920166016, 7.248263835906982, -2.696651956968299, 1707435879449444150, 
-5.609548568725586, 7.248183250427246, -2.6968362479600656, 1707435879499271202, 
-5.609531879425049, 7.248175621032715, -2.696974264831104, 1707435879548932608, 
-5.6095099449157715, 7.248181343078613, -2.6971194793837383, 1707435879609476405, 
-5.6095099449157715, 7.248181343078613, -2.697120343083213, 1707435879658966695, 
-5.6095099449157715, 7.248181343078613, -2.697120343083213, 1707435879707940929, 
-5.609514236450195, 7.248183250427246, -2.6970832460616854, 1707435879757906276, 
-5.609511375427246, 7.24818229675293, -2.697105375090101, 1707435879808860979, 
-5.609511375427246, 7.24818229675293, -2.697105375090101, 1707435879849106429, 
-5.609633922576904, 7.248220443725586, -2.696133379590427, 1707435879899176587, 
-5.611027717590332, 7.247622013092041, -2.683669761703789, 1707435879947938776, 
-5.615184307098389, 7.245114803314209, -2.658766900123874, 1707435880009199431, 
-5.620124816894531, 7.242745876312256, -2.6334475396152555, 1707435880058968776, 
-5.625034332275391, 7.239771366119385, -2.60664128039254, 1707435880107962189, 
-5.629570007324219, 7.236879348754883, -2.579188778600389, 1707435880157919265, 
-5.633980751037598, 7.234207630157471, -2.5521198121012008, 1707435880208872003, 
-5.637376308441162, 7.232015609741211, -2.5330188641873597, 1707435880249107119, 
-5.641479969024658, 7.229243278503418, -2.5101996010441425, 1707435880299136296, 
-5.645496368408203, 7.226200580596924, -2.4866517311257113, 1707435880348481345, 
-5.650505542755127, 7.2222394943237305, -2.456104736513136, 1707435880409526233, 
-5.654641628265381, 7.218908309936523, -2.430798499226685, 1707435880459138233, 
-5.658774375915527, 7.215400695800781, -2.4061678530926764, 1707435880507970559, 
-5.66254997253418, 7.211854934692383, -2.3803816416434405, 1707435880559076613, 
-5.66640043258667, 7.208137035369873, -2.3550286313388002, 1707435880608889419, 
-5.669276237487793, 7.205289363861084, -2.3351491392908317, 1707435880649096246, 
-5.67292594909668, 7.20155143737793, -2.3104015837361938, 1707435880699475079, 
-5.6766791343688965, 7.1973958015441895, -2.2847042609860644, 1707435880748776689, 
-5.680926322937012, 7.1924214363098145, -2.2530574997366766, 1707435880809062708, 
-5.684543132781982, 7.188194751739502, -2.2276404063700337, 1707435880858982667, 
-5.687835693359375, 7.183905601501465, -2.204309415573214, 1707435880907971269, 
-5.691077709197998, 7.179439544677734, -2.178957959958757, 1707435880957926574, 
-5.694422245025635, 7.1748046875, -2.1520680111547748, 1707435881008879476, 
-5.696849822998047, 7.171125411987305, -2.1315450346534583, 1707435881049163705, 
-5.699773788452148, 7.166633605957031, -2.1074252999039196, 1707435881099474829, 
-5.702571392059326, 7.161734104156494, -2.0829585397946513, 1707435881149064097, 
-5.708616256713867, 7.150642395019531, -2.026019124970249, 1707435881259136853, 
-5.711076259613037, 7.145642280578613, -2.0027271621273335, 1707435881308963809, 
-5.713061332702637, 7.140711307525635, -1.9782596187459636, 1707435881357930630, 
-5.715404510498047, 7.135476112365723, -1.9512391680697507, 1707435881408884958, 
-5.71722412109375, 7.131275177001953, -1.932031077801974, 1707435881449191487, 
-5.719176769256592, 7.126034736633301, -1.9086258209608287, 1707435881499116085, 
-5.721047878265381, 7.120479583740234, -1.8833208735963634, 1707435881549803544, 
-5.723188400268555, 7.113943099975586, -1.8539142859039026, 1707435881608979321, 
-5.724875450134277, 7.108465671539307, -1.8286933735374717, 1707435881659971221, 
-5.726161479949951, 7.102751731872559, -1.803089636429411, 1707435881708978015, 
-5.727546691894531, 7.097139358520508, -1.7779735848556482, 1707435881758933869, 
-5.728968620300293, 7.0910444259643555, -1.75448869765887, 1707435881808888235, 
-5.729687213897705, 7.086427211761475, -1.7346643347564599, 1707435881849184489, 
-5.730637550354004, 7.08089542388916, -1.706741896253804, 1707435881899167001, 
-5.73155403137207, 7.0749616622924805, -1.6807605136162977, 1707435881949714753, 
-5.732382774353027, 7.067575454711914, -1.6514482213160744, 1707435882009221811, 
-5.732693195343018, 7.0615739822387695, -1.626606737821311, 1707435882058977813, 
-5.73306941986084, 7.0555548667907715, -1.6014607634687952, 1707435882108985261, 
-5.733181476593018, 7.04949426651001, -1.5770535233039218, 1707435882158934419, 
-5.733155727386475, 7.043610572814941, -1.550798215368939, 1707435882208890514, 
-5.733157157897949, 7.038729667663574, -1.529528404495492, 1707435882249211787, 
-5.732853412628174, 7.03260612487793, -1.5053700156188436, 1707435882299491008, 
-5.7324538230896, 7.026740550994873, -1.481039808270519, 1707435882349066132, 
-5.731697082519531, 7.019301891326904, -1.4503536984587553, 1707435882409124690, 
-5.730943202972412, 7.013014793395996, -1.4246604174546902, 1707435882458990060, 
-5.729888439178467, 7.007016181945801, -1.3993284210947492, 1707435882509002920, 
-5.728747367858887, 7.0007643699646, -1.37427728470129, 1707435882558941933, 
-5.727473735809326, 6.9944071769714355, -1.349012613926322, 1707435882608896893, 
-5.726294994354248, 6.989559173583984, -1.3288402865820828, 1707435882649231332, 
-5.7246623039245605, 6.98336124420166, -1.303515598613926, 1707435882699171444, 
-5.72308874130249, 6.976963996887207, -1.2789736355776948, 1707435882748919577, 
-5.720502853393555, 6.969484806060791, -1.2490699992374565, 1707435882808994463, 
-5.718631267547607, 6.963418960571289, -1.2241965823958758, 1707435882858991862, 
-5.716517448425293, 6.957463264465332, -1.1999352836387587, 1707435882909226641, 
-5.713986873626709, 6.95160436630249, -1.174093255394638, 1707435882958989165, 
-5.71148157119751, 6.945316791534424, -1.1476460757569948, 1707435883008898730, 
-5.709329605102539, 6.940467357635498, -1.1284463136783127, 1707435883049246174, 
-5.706485271453857, 6.934711933135986, -1.1046051958265415, 1707435883100209570, 
-5.703725337982178, 6.928924560546875, -1.079097926373703, 1707435883149719923, 
-5.69959831237793, 6.92164421081543, -1.0475385223796911, 1707435883208972804, 
-5.696080207824707, 6.915722846984863, -1.021936258234185, 1707435883258990391, 
-5.692828178405762, 6.910058498382568, -0.9972383136065597, 1707435883309018323, 
-5.689015865325928, 6.904718399047852, -0.9732444258461299, 1707435883358948549, 
-5.685255527496338, 6.899058818817139, -0.9458936617188066, 1707435883408904696, 
-5.681960582733154, 6.894495964050293, -0.9260337899916827, 1707435883449440809, 
-5.676095008850098, 6.887214660644531, -0.8918231477017778, 1707435883518983134, 
-5.673675060272217, 6.884047985076904, -0.8770029056892703, 1707435883549080269, 
-5.668424606323242, 6.877810955047607, -0.8467401285916161, 1707435883609011066, 
-5.663802146911621, 6.872816562652588, -0.8216278886691879, 1707435883659007025, 
-5.658819675445557, 6.8672919273376465, -0.7966926651302233, 1707435883709033144, 
-5.653778553009033, 6.862512588500977, -0.7709491099128055, 1707435883758951485, 
-5.648947238922119, 6.857642650604248, -0.7460898060147924, 1707435883808917990, 
-5.645079135894775, 6.853951454162598, -0.7257335451241224, 1707435883849268554, 
-5.639893054962158, 6.849640846252441, -0.7009774549965949, 1707435883899032591, 
-5.634527683258057, 6.845008850097656, -0.6752942054191401, 1707435883948929633, 
-5.6277852058410645, 6.839804649353027, -0.6449227985351074, 1707435884009169119, 
-5.622272491455078, 6.835631847381592, -0.6203160342089987, 1707435884059247069, 
-5.616583347320557, 6.831587791442871, -0.5960661075070326, 1707435884109013777, 
-5.61046028137207, 6.827751159667969, -0.571108953320232, 1707435884158969458, 
-5.60442590713501, 6.823818206787109, -0.5461361266663946, 1707435884208911684, 
-5.599568843841553, 6.820981025695801, -0.5260469517694193, 1707435884249116316, 
-5.593345642089844, 6.8173418045043945, -0.5004145952697596, 1707435884299171281, 
-5.587064266204834, 6.813881874084473, -0.47522260635066277, 1707435884349076104, 
-5.579250812530518, 6.809976577758789, -0.444880492643611, 1707435884409187217, 
-5.572646617889404, 6.806805610656738, -0.41914260088855776, 1707435884459002315, 
-5.565823078155518, 6.803841590881348, -0.3935731204486363, 1707435884508990692, 
-5.558820724487305, 6.800991535186768, -0.369604048879459, 1707435884558959777, 
-5.55205774307251, 6.7984843254089355, -0.3454008261773322, 1707435884609060812, 
-5.5467000007629395, 6.796578884124756, -0.3238039032250831, 1707435884648975633, 
-5.5398173332214355, 6.794219017028809, -0.29797838114260466, 1707435884699220356, 
-5.532615661621094, 6.792123794555664, -0.2742319591796956, 1707435884749675784, 
-5.523708820343018, 6.789788722991943, -0.24437408197218524, 1707435884808993104, 
-5.5163140296936035, 6.787935733795166, -0.21873895764313883, 1707435884859248735, 
-5.508887767791748, 6.786496162414551, -0.19482194803623792, 1707435884909009659, 
-5.501491069793701, 6.785089015960693, -0.17004591204207353, 1707435884958963391, 
-5.493971824645996, 6.783975124359131, -0.14498518243100242, 1707435885008919597, 
-5.488081932067871, 6.7831130027771, -0.1246816154790069, 1707435885049141102, 
-5.480406761169434, 6.782259941101074, -0.09891254849357003, 1707435885099296416, 
-5.4730072021484375, 6.7815961837768555, -0.07437022632889514, 1707435885149770825, 
-5.463778495788574, 6.781132698059082, -0.04365091826017809, 1707435885209242125, 
-5.455928802490234, 6.780725479125977, -0.019112357709620463, 1707435885260001588, 
-5.448361396789551, 6.780781269073486, 0.0047447841083252335, 1707435885309004274, 
-5.4402875900268555, 6.780763149261475, 0.031094358066937947, 1707435885359012713, 
-5.432516574859619, 6.780942916870117, 0.057300840457961494, 1707435885408941976, 
-5.426523208618164, 6.781245708465576, 0.07711793233865598, 1707435885449141151, 
-5.418931484222412, 6.781835556030273, 0.10229305601997837, 1707435885498965856, 
-5.410922050476074, 6.782602310180664, 0.1291310291733955, 1707435885549789510, 
-5.401630401611328, 6.783799648284912, 0.15899059943494323, 1707435885609262807, 
-5.394001007080078, 6.7851433753967285, 0.18354218944561954, 1707435885659028214, 
-5.386086940765381, 6.786571979522705, 0.20930444706472198, 1707435885709118390, 
-5.378310203552246, 6.788266181945801, 0.23481406018750864, 1707435885758971888, 
-5.370702743530273, 6.790048599243164, 0.259058802383565, 1707435885808938985, 
-5.364666938781738, 6.791690826416016, 0.2792063515229276, 1707435885849147485, 
-5.356921672821045, 6.793822288513184, 0.3048471651334798, 1707435885898971825, 
-5.349122047424316, 6.796370029449463, 0.329546393829915, 1707435885949039571, 
-5.339858055114746, 6.799480438232422, 0.3606258520888294, 1707435886010024519, 
-5.332318305969238, 6.802435398101807, 0.3859219164984308, 1707435886060015890, 
-5.325019359588623, 6.805477619171143, 0.411408741472843, 1707435886109019352, 
-5.317557334899902, 6.808837890625, 0.4373704691254056, 1707435886158972650, 
-5.310141086578369, 6.812339782714844, 0.462353313869138, 1707435886208927961, 
-5.304285049438477, 6.815403461456299, 0.4827159267806807, 1707435886249149477, 
-5.29703950881958, 6.819416046142578, 0.5075276069727878, 1707435886298974294, 
-5.2899274826049805, 6.823629379272461, 0.5321531224836733, 1707435886349843399, 
-5.281376361846924, 6.828787803649902, 0.5619553965236822, 1707435886409000609, 
-5.274321556091309, 6.833437919616699, 0.5875627504256609, 1707435886460020398, 
-5.267291069030762, 6.838245868682861, 0.6121960413204408, 1707435886509723388, 
-5.2606000900268555, 6.84307861328125, 0.6378246540118225, 1707435886559026368, 
-5.253893852233887, 6.848363876342773, 0.6629766883544755, 1707435886609084324, 
-5.248617172241211, 6.852742671966553, 0.6834730219469222, 1707435886649171985, 
-5.241897106170654, 6.858663082122803, 0.7084090265474281, 1707435886700084057, 
-5.235752105712891, 6.864192962646484, 0.7332569515258117, 1707435886749300308, 
-5.228198051452637, 6.871036529541016, 0.7647917930485757, 1707435886809545504, 
-5.222231388092041, 6.876961708068848, 0.7914201788954575, 1707435886860005128, 
-5.216533660888672, 6.883141040802002, 0.8145362409516088, 1707435886909021744, 
-5.210960388183594, 6.889468669891357, 0.8388906486716853, 1707435886959023366, 
-5.205295085906982, 6.895885467529297, 0.8643815713300245, 1707435887009311302, 
-5.200790882110596, 6.901415824890137, 0.8841549023655887, 1707435887049216976, 
-5.193201541900635, 6.910778999328613, 0.9198670714338169, 1707435887119843808, 
-5.188218593597412, 6.917872905731201, 0.9458461921003726, 1707435887169731786, 
-5.184279441833496, 6.923509120941162, 0.9665714493934391, 1707435887208865924, 
-5.179652214050293, 6.930699825286865, 0.9907012491865456, 1707435887259000644, 
-5.175262451171875, 6.937870025634766, 1.0161558504358494, 1707435887309347670, 
-5.1708855628967285, 6.94545841217041, 1.041585693855325, 1707435887358986287, 
-5.1669020652771, 6.952541828155518, 1.066875856559458, 1707435887408938485, 
-5.164206027984619, 6.957200050354004, 1.08681441071435, 1707435887449158370, 
-5.161876201629639, 6.961428642272949, 1.1111831704944042, 1707435887498987482, 
-5.160574913024902, 6.964094638824463, 1.1358410947036615, 1707435887549047621, 
-5.159440040588379, 6.966271877288818, 1.1618557104748073, 1707435887609026399, 
-5.158510208129883, 6.968012809753418, 1.1769090297331215, 1707435887660067910, 
-5.156894683837891, 6.972538471221924, 1.1968853649097584, 1707435887709013715, 
-5.154417514801025, 6.9796319007873535, 1.2217359252286524, 1707435887758988363, 
-5.151147365570068, 6.988832950592041, 1.2474367584081165, 1707435887809015063, 
-5.148757457733154, 6.996328353881836, 1.2675986662953616, 1707435887848990569, 
-5.146059989929199, 7.0054707527160645, 1.2932471685991958, 1707435887899996233, 
-5.143603801727295, 7.013983726501465, 1.3196640513795426, 1707435887948961383, 
-5.141272068023682, 7.024150371551514, 1.3497226802274247, 1707435888009032437, 
-5.139358043670654, 7.032663822174072, 1.3729513501858375, 1707435888060038069, 
-5.1377410888671875, 7.0415520668029785, 1.3972698779374781, 1707435888109038222, 
-5.136415481567383, 7.050565719604492, 1.4227462168593477, 1707435888158992967, 
-5.135089874267578, 7.05977201461792, 1.4484556920888132, 1707435888209037421, 
-5.134352684020996, 7.066917419433594, 1.469181498176441, 1707435888248994050, 
-5.133767127990723, 7.076055526733398, 1.4946200185960965, 1707435888299069085, 
-5.133268356323242, 7.085434913635254, 1.5199226828219286, 1707435888349085566, 
-5.132928371429443, 7.09644079208374, 1.5498307269130935, 1707435888409053024, 
-5.132879257202148, 7.105593204498291, 1.5744975651908242, 1707435888459227259, 
-5.133005142211914, 7.114699363708496, 1.6003562268491693, 1707435888509137186, 
-5.1334686279296875, 7.124021530151367, 1.6261148474741505, 1707435888558995516, 
-5.134202480316162, 7.133273601531982, 1.6501092127448118, 1707435888608949868, 
-5.134870529174805, 7.140727996826172, 1.6700593016726866, 1707435888648996787, 
-5.136144161224365, 7.150415897369385, 1.6954012121583755, 1707435888699100681, 
-5.137384414672852, 7.15960168838501, 1.7198038863138745, 1707435888748962766, 
-5.139183044433594, 7.170727729797363, 1.75182803242739, 1707435888809012389, 
-5.140923976898193, 7.179962158203125, 1.7778333842822882, 1707435888860070433, 
-5.14296817779541, 7.189083099365234, 1.801170976036283, 1707435888909137989, 
-5.145183563232422, 7.198433876037598, 1.8270009056448608, 1707435888959000611, 
-5.147902965545654, 7.207584857940674, 1.8519007308564535, 1707435889008951192, 
-5.150076866149902, 7.214694976806641, 1.8709228608334385, 1707435889049001165, 
-5.152934551239014, 7.223741054534912, 1.897296067798517, 1707435889100080057, 
-5.15630578994751, 7.2328290939331055, 1.9226490034528165, 1707435889149794735, 
-5.160214900970459, 7.243636131286621, 1.952768470239002, 1707435889209028037, 
-5.163930416107178, 7.252959728240967, 1.9781093574214599, 1707435889260044351, 
-5.167787551879883, 7.261905193328857, 2.0036075993377365, 1707435889309066276, 
-5.17181921005249, 7.270430564880371, 2.028872933846507, 1707435889359014241, 
-5.176297187805176, 7.2790374755859375, 2.0544327465013223, 1707435889408957671, 
-5.179927349090576, 7.286142349243164, 2.0750345733821733, 1707435889449005585, 
-5.184771537780762, 7.2947187423706055, 2.09988160360237, 1707435889500081611, 
-5.189695358276367, 7.30278205871582, 2.123509019174113, 1707435889548974931, 
-5.195789337158203, 7.312653064727783, 2.154564519502788, 1707435889609029090, 
-5.201395511627197, 7.3208136558532715, 2.179888994497035, 1707435889659053008, 
-5.207324504852295, 7.329045295715332, 2.2058706115205386, 1707435889709061089, 
-5.21334981918335, 7.3370585441589355, 2.2299940030432523, 1707435889759006598, 
-5.219607830047607, 7.344743728637695, 2.254177954492538, 1707435889808961837, 
-5.224727630615234, 7.350796699523926, 2.275051395097328, 1707435889849265287, 
-5.231420993804932, 7.358344554901123, 2.3006133421969, 1707435889899097982, 
-5.238089084625244, 7.365609645843506, 2.3255725041026487, 1707435889949184546, 
-5.246650218963623, 7.374052047729492, 2.3552852366034536, 1707435890009049155, 
-5.25372314453125, 7.381038665771484, 2.379918697790467, 1707435890060066468, 
-5.261065483093262, 7.387817859649658, 2.4042315388204325, 1707435890109160508, 
-5.268862247467041, 7.3944783210754395, 2.42976377993736, 1707435890159012319, 
-5.276534557342529, 7.400881290435791, 2.4555885056061597, 1707435890208979460, 
-5.282993316650391, 7.40600061416626, 2.475949775607536, 1707435890249010620, 
-5.290950298309326, 7.412066459655762, 2.5005208562629266, 1707435890300103772, 
-5.298959255218506, 7.418054580688477, 2.5257959642634193, 1707435890349008620, 
-5.309176921844482, 7.425001621246338, 2.5554665287432026, 1707435890409040462, 
-5.317773342132568, 7.430580139160156, 2.5805182781612306, 1707435890460055322, 
-5.32645845413208, 7.435629844665527, 2.604770845252816, 1707435890509153529, 
-5.335384845733643, 7.440707683563232, 2.631311060045128, 1707435890559016634, 
-5.344362258911133, 7.445541858673096, 2.657104162749175, 1707435890608969452, 
-5.351926803588867, 7.449143409729004, 2.6770048169427643, 1707435890649013053, 
-5.361325263977051, 7.4535746574401855, 2.7032039845481686, 1707435890700125778, 
-5.370697021484375, 7.457756042480469, 2.7277764362396155, 1707435890749157354, 
-5.382018566131592, 7.46214485168457, 2.7572770134118283, 1707435890809029275, 
-5.39141321182251, 7.46596622467041, 2.783507668277119, 1707435890860073102, 
-5.401045799255371, 7.469534873962402, 2.8078098473295023, 1707435890909739676, 
-5.410909175872803, 7.472903251647949, 2.833428394457218, 1707435890959030379, 
-5.420835971832275, 7.476037502288818, 2.858763680429229, 1707435891008972700, 
-5.428658962249756, 7.478326797485352, 2.8788471669327134, 1707435891049018916, 
-5.438840866088867, 7.480980396270752, 2.905180954552638, 1707435891099131262, 
-5.448915958404541, 7.4831671714782715, 2.931022643712076, 1707435891148972262, 
-5.461118698120117, 7.485204696655273, 2.9599177809341226, 1707435891209044362, 
-5.471719264984131, 7.4865875244140625, 2.9859099664654516, 1707435891259143108, 
-5.481834411621094, 7.4879984855651855, 3.011204006905344, 1707435891309171752, 
-5.492342948913574, 7.488897323608398, 3.0354051798158386, 1707435891359073770, 
-5.502666473388672, 7.489505767822266, 3.0604619983946604, 1707435891408976441, 
-5.511013031005859, 7.489840030670166, 3.0802810237109197, 1707435891449022202, 
-5.52189826965332, 7.490146160125732, 3.1061749408134522, 1707435891500146802, 
-5.532989978790283, 7.490344047546387, 3.1313376421460677, 1707435891549036821, 
-5.546278953552246, 7.4903764724731445, -3.1216068265886636, 1707435891609071884, 
-5.557374000549316, 7.490023136138916, -3.0966153142510544, 1707435891660084122, 
-5.56813907623291, 7.489221572875977, -3.072968960460465, 1707435891709084856, 
-5.579139232635498, 7.488543510437012, -3.0466597015981187, 1707435891759024933, 
-5.590404510498047, 7.487343788146973, -3.0214254737369117, 1707435891808981723, 
-5.598965644836426, 7.486138343811035, -3.002585647555558, 1707435891849027707, 
-5.610091686248779, 7.484413146972656, -2.9772343565887227, 1707435891900145086, 
-5.621297836303711, 7.482301235198975, -2.9522640561771656, 1707435891949529045, 
-5.634462356567383, 7.479631423950195, -2.9206779086276033, 1707435892009038804, 
-5.645403861999512, 7.477169513702393, -2.894138801303336, 1707435892060063967, 
-5.655981063842773, 7.474340915679932, -2.87021640340366, 1707435892109321459, 
-5.667153835296631, 7.470972537994385, -2.845261353773198, 1707435892159068581, 
-5.6780171394348145, 7.467536926269531, -2.8208909015333665, 1707435892208982222, 
-5.686341285705566, 7.464605331420898, -2.800985363731926, 1707435892249030662, 
-5.697257041931152, 7.460666179656982, -2.7748385160901603, 1707435892299150469, 
-5.707841396331787, 7.456395626068115, -2.7504622608711546, 1707435892349454529, 
-5.720458984375, 7.451010227203369, -2.719809253899595, 1707435892409079902, 
-5.730892181396484, 7.4463324546813965, -2.69327877090696, 1707435892458942249, 
-5.741013526916504, 7.441128730773926, -2.6687974339910703, 1707435892510121709, 
-5.751217842102051, 7.435718059539795, -2.6442051476141812, 1707435892559069699, 
-5.761043548583984, 7.430291175842285, -2.6200742748003374, 1707435892609331549, 
-5.769049644470215, 7.425576686859131, -2.5995952957603174, 1707435892649167082, 
-5.778998851776123, 7.419543266296387, -2.5733463219520916, 1707435892700179065, 
-5.792502403259277, 7.410412788391113, -2.538823256745816, 1707435892769709975, 
-5.80031156539917, 7.404823303222656, -2.517581953056279, 1707435892810845282, 
-5.809720039367676, 7.397951126098633, -2.4914844163767573, 1707435892860081835, 
-5.818546772003174, 7.3906731605529785, -2.467818194154556, 1707435892909581430, 
-5.827475070953369, 7.383534908294678, -2.4422285881335837, 1707435892960609069, 
-5.836103439331055, 7.375786781311035, -2.4173175756983176, 1707435893009198214, 
-5.843155860900879, 7.369500160217285, -2.3974545352252994, 1707435893049069006, 
-5.851645469665527, 7.361545085906982, -2.3721101379871303, 1707435893100370958, 
-5.860034465789795, 7.353176116943359, -2.3471414208206878, 1707435893149547914, 
-5.869823455810547, 7.342824459075928, -2.3161938633438393, 1707435893210104103, 
-5.877740383148193, 7.33403205871582, -2.2906288981455467, 1707435893260161330, 
-5.885550498962402, 7.32473087310791, -2.265216642597392, 1707435893309079406, 
-5.893045425415039, 7.315497875213623, -2.239631596923146, 1707435893359051546, 
-5.900263786315918, 7.3060736656188965, -2.21510569107871, 1707435893408996102, 
-5.905717372894287, 7.298648834228516, -2.1950851736336747, 1707435893449041126, 
-5.912655353546143, 7.288919448852539, -2.1698903451637745, 1707435893500167424, 
-5.919188499450684, 7.2786736488342285, -2.1456567709921948, 1707435893549050740, 
-5.926921367645264, 7.266590595245361, -2.1145281931607833, 1707435893609065010, 
-5.932950496673584, 7.256155967712402, -2.0877437202086435, 1707435893659074712, 
-5.938862323760986, 7.245569229125977, -2.060954957811876, 1707435893709275076, 
-5.9444074630737305, 7.234896183013916, -2.0370386881695577, 1707435893759141614, 
-5.949760913848877, 7.223908424377441, -2.0129180568508365, 1707435893808995767, 
-5.953592777252197, 7.215285301208496, -1.9936197864620664, 1707435893849045963, 
-5.958500385284424, 7.204316139221191, -1.9676412727934436, 1707435893899168775, 
-5.963033199310303, 7.192816734313965, -1.941541908462863, 1707435893949667122, 
-5.968111515045166, 7.1790242195129395, -1.9111116108195125, 1707435894009088281, 
-5.972005844116211, 7.167428016662598, -1.8844493300600582, 1707435894060168791, 
-5.975619316101074, 7.155681610107422, -1.859892630808783, 1707435894109088185, 
-5.979005813598633, 7.143727779388428, -1.8357328364425194, 1707435894159085306, 
-5.982056617736816, 7.1314873695373535, -1.810811969401075, 1707435894209005452, 
-5.984348297119141, 7.122128009796143, -1.7899127474290373, 1707435894249056093, 
-5.986915111541748, 7.11013126373291, -1.7644473338245013, 1707435894300171472, 
-5.989106178283691, 7.098001003265381, -1.740981570740353, 1707435894349175591, 
-5.9913411140441895, 7.083197593688965, -1.7102243124429142, 1707435894409100659, 
-5.9929304122924805, 7.070883750915527, -1.6824601525273906, 1707435894460098889, 
-5.9942121505737305, 7.058602333068848, -1.6582797812809813, 1707435894509113314, 
-5.995124816894531, 7.046144008636475, -1.634227574730128, 1707435894559050545, 
-5.995892524719238, 7.033384799957275, -1.6106633745541648, 1707435894609006305, 
-5.996293544769287, 7.023510456085205, -1.5912843212166128, 1707435894649054835, 
-5.996448993682861, 7.011154651641846, -1.564332656120292, 1707435894700052262, 
-5.995996952056885, 6.9984869956970215, -1.539860752637746, 1707435894749086244, 
-5.9953389167785645, 6.983154296875, -1.5085744488197605, 1707435894809112879, 
-5.9945526123046875, 6.970648288726807, -1.4812323951212563, 1707435894860073241, 
-5.9931840896606445, 6.9578375816345215, -1.455737768226488, 1707435894909261515, 
-5.991675853729248, 6.9452924728393555, -1.4311001624806936, 1707435894959071469, 
-5.989725112915039, 6.932959079742432, -1.406537497222933, 1707435895009011135, 
-5.988093852996826, 6.9228668212890625, -1.38539054346156, 1707435895049050934, 
-5.985594749450684, 6.910588264465332, -1.3605562890421803, 1707435895099223340, 
-5.982821464538574, 6.898203372955322, -1.3352484255305082, 1707435895149104016, 
-5.9790167808532715, 6.882914066314697, -1.3056875393032956, 1707435895209091413, 
-5.975551128387451, 6.870101451873779, -1.2783655027192948, 1707435895260253515, 
-5.971675872802734, 6.85789155960083, -1.2529423805993705, 1707435895309335211, 
-5.967404842376709, 6.845970153808594, -1.2295557284702145, 1707435895359094858, 
-5.963323593139648, 6.833857536315918, -1.203798254930103, 1707435895409015727, 
-5.959434509277344, 6.824209213256836, -1.1837306588122254, 1707435895449053965, 
-5.954259395599365, 6.812119483947754, -1.1573079446719483, 1707435895500176175, 
-5.949084281921387, 6.800563812255859, -1.1335124963599834, 1707435895549716919, 
-5.9421610832214355, 6.786178112030029, -1.1028713169927824, 1707435895609081128, 
-5.936189651489258, 6.7744364738464355, -1.0770527621316, 1707435895660261903, 
-5.929751396179199, 6.76303768157959, -1.052598094936629, 1707435895709098782, 
-5.923306465148926, 6.751863479614258, -1.0269668697869654, 1707435895759093906, 
-5.916280746459961, 6.740715980529785, -1.0010506118321145, 1707435895810019071, 
-5.910642623901367, 6.732114315032959, -0.9811132433544183, 1707435895849066154, 
-5.903225421905518, 6.7212958335876465, -0.9556862662721193, 1707435895900079622, 
-5.895452976226807, 6.710649490356445, -0.9297144615494417, 1707435895949144749, 
-5.885899066925049, 6.697995185852051, -0.8988721010274978, 1707435896009144010, 
-5.8775506019592285, 6.687632083892822, -0.8730864208319326, 1707435896060124619, 
-5.8689188957214355, 6.677604675292969, -0.848984233805404, 1707435896109119775, 
-5.859959125518799, 6.667745113372803, -0.8234443057859188, 1707435896159068474, 
-5.850865840911865, 6.658120632171631, -0.797482931864779, 1707435896209021451, 
-5.843356609344482, 6.650421619415283, -0.7780935818856295, 1707435896249070531, 
-5.833637714385986, 6.641172409057617, -0.7527420732015411, 1707435896299110048, 
-5.823770523071289, 6.632071018218994, -0.7261697131113446, 1707435896349122065, 
-5.811378479003906, 6.621548175811768, -0.6965958740892139, 1707435896409095482, 
-5.8012261390686035, 6.613012790679932, -0.6699973740221419, 1707435896459101824, 
-5.790528297424316, 6.604686737060547, -0.6439373439624013, 1707435896509336696, 
-5.7795891761779785, 6.596741199493408, -0.6202532315161015, 1707435896559105056, 
-5.7685546875, 6.589020252227783, -0.5972139385638953, 1707435896609025605, 
-5.75980806350708, 6.5832295417785645, -0.57578848198827, 1707435896649071822, 
-5.7483744621276855, 6.5759735107421875, -0.548743558570767, 1707435896700140157, 
-5.736565113067627, 6.568921089172363, -0.5247807353795652, 1707435896749120028, 
-5.72228479385376, 6.5608625411987305, -0.49440998663557945, 1707435896809114742, 
-5.710227012634277, 6.55464506149292, -0.46914222424891505, 1707435896860135508, 
-5.698206424713135, 6.548436641693115, -0.44570603360011085, 1707435896909111192, 
-5.685868263244629, 6.542975902557373, -0.4198896615739154, 1707435896959076570, 
-5.673363208770752, 6.537544250488281, -0.39142514144245477, 1707435897009030017, 
-5.663116931915283, 6.533352375030518, -0.37085944997034276, 1707435897049067896, 
-5.650410175323486, 6.5285420417785645, -0.3461901018901157, 1707435897100143083, 
-5.632241725921631, 6.522065162658691, -0.30970925077916167, 1707435897170523271, 
-5.621799468994141, 6.518711090087891, -0.28853102908448097, 1707435897209121112, 
-5.6081366539001465, 6.514831066131592, -0.26302019032271096, 1707435897260343365, 
-5.5948309898376465, 6.5114850997924805, -0.24048920259153836, 1707435897309143872, 
-5.58179235458374, 6.508204936981201, -0.21719596527582585, 1707435897359129674, 
-5.567822456359863, 6.505425453186035, -0.19082096695922648, 1707435897409032411, 
-5.556457996368408, 6.503271579742432, -0.16966260867678154, 1707435897449077462, 
-5.542683124542236, 6.500999927520752, -0.14236437206038574, 1707435897500164730, 
-5.528780937194824, 6.49918794631958, -0.11618761645339723, 1707435897549154962, 
-5.512290954589844, 6.497540473937988, -0.08652785724912493, 1707435897609112421, 
-5.498838901519775, 6.496426105499268, -0.06177754120848828, 1707435897659121722, 
-5.484762668609619, 6.49562406539917, -0.03621858600706251, 1707435897709259637, 
-5.469807147979736, 6.4953179359436035, -0.009239093112979553, 1707435897759081688, 
-5.455254554748535, 6.495265007019043, 0.016994309398559698, 1707435897810037062, 
-5.443967819213867, 6.495603084564209, 0.03795579448504307, 1707435897849081922, 
-5.429654598236084, 6.496147632598877, 0.06495121921127722, 1707435897901182811, 
-5.4158196449279785, 6.497252941131592, 0.09014344941761686, 1707435897949193005, 
-5.399056911468506, 6.498889923095703, 0.12211704459916826, 1707435898009096724, 
-5.38518762588501, 6.5006842613220215, 0.14841961340826157, 1707435898060121834, 
-5.371086597442627, 6.503002643585205, 0.1732246792062434, 1707435898109134934, 
-5.357024192810059, 6.505748271942139, 0.19708023049891057, 1707435898160115814, 
-5.343282699584961, 6.508440017700195, 0.22269724325237406, 1707435898210140671, 
-5.332070827484131, 6.511110782623291, 0.24246271943219452, 1707435898250085321, 
-5.318117141723633, 6.51494836807251, 0.2681164851615695, 1707435898300178989, 
-5.304401397705078, 6.518616199493408, 0.29396509232933693, 1707435898349301734, 
-5.287968158721924, 6.52407169342041, 0.3245812488764995, 1707435898409105918, 
-5.274363040924072, 6.528710842132568, 0.3502260496695329, 1707435898460143004, 
-5.260644912719727, 6.5337910652160645, 0.37674755590648473, 1707435898509131171, 
-5.247157573699951, 6.539344787597656, 0.4021113417080609, 1707435898559090184, 
-5.233999729156494, 6.545063495635986, 0.4266443245227166, 1707435898610044504, 
-5.223445892333984, 6.5498552322387695, 0.44781630537585493, 1707435898650090758, 
-5.210346221923828, 6.55634880065918, 0.4730091455793518, 1707435898700186249, 
-5.197612762451172, 6.562882900238037, 0.49756229975400534, 1707435898749736103, 
-5.181975364685059, 6.571622371673584, 0.5276300929193037, 1707435898810108329, 
-5.169374465942383, 6.5789313316345215, 0.5531717436852273, 1707435898860118566, 
-5.157173156738281, 6.586904525756836, 0.57925567294614, 1707435898909133349, 
-5.14500093460083, 6.594824314117432, 0.6050862937962476, 1707435898959129771, 
-5.133073806762695, 6.603143692016602, 0.6307437097720988, 1707435899010043701, 
-5.12348747253418, 6.610185623168945, 0.650278786228522, 1707435899050086422, 
-5.11191463470459, 6.619369983673096, 0.6735944727817352, 1707435899100202114, 
-5.100769996643066, 6.628434181213379, 0.6984674239081448, 1707435899149236319, 
-5.087341785430908, 6.640007972717285, 0.7299492158590137, 1707435899210103335, 
-5.07647705078125, 6.649938583374023, 0.7539694951648545, 1707435899260296972, 
-5.065733909606934, 6.660006999969482, 0.777296413904236, 1707435899309293758, 
-5.055233001708984, 6.670535564422607, 0.8008847572841241, 1707435899359113054, 
-5.045277118682861, 6.680954933166504, 0.8241771286426368, 1707435899410052004, 
-5.036862850189209, 6.69000768661499, 0.844501226913053, 1707435899450099212, 
-5.026905059814453, 6.701300144195557, 0.8687258003996275, 1707435899500200309, 
-5.01767635345459, 6.712629318237305, 0.8911675379530893, 1707435899549222576, 
-5.006430625915527, 6.726327896118164, 0.9213211877531363, 1707435899610208178, 
-4.99761962890625, 6.738236904144287, 0.9447152456312722, 1707435899660119050, 
-4.988801002502441, 6.7503204345703125, 0.9683555268905152, 1707435899709152829, 
-4.980475902557373, 6.76273775100708, 0.9920726308764518, 1707435899759136624, 
-4.972331523895264, 6.775119781494141, 1.017226674222647, 1707435899810326939, 
-4.9660868644714355, 6.7855377197265625, 1.0383460172542383, 1707435899850100910, 
-4.958127975463867, 6.798840522766113, 1.0655299335436228, 1707435899900214452, 
-4.950699329376221, 6.812255382537842, 1.0908000881982105, 1707435899949218135, 
-4.943775653839111, 6.825847625732422, 1.11470943442672, 1707435899999140136, 
-4.936074256896973, 6.841870307922363, 1.143403117444319, 1707435900060251678, 
-4.930051803588867, 6.855432033538818, 1.1673161518082709, 1707435900109140078, 
-4.924195766448975, 6.869479656219482, 1.1918814339435635, 1707435900159114321, 
-4.918398380279541, 6.8839850425720215, 1.2179607262177286, 1707435900210060043, 
-4.914042949676514, 6.896106243133545, 1.2396642472913366, 1707435900250155143, 
-4.909125804901123, 6.910791397094727, 1.2660547990888373, 1707435900300212070, 
-4.90453577041626, 6.925088405609131, 1.2910409944898598, 1707435900349809038, 
-4.899889945983887, 6.9423041343688965, 1.3185164899705417, 1707435900410164251, 
-4.896263122558594, 6.956969261169434, 1.3417489974188925, 1707435900460126609, 
-4.892657279968262, 6.972659587860107, 1.3701058526773005, 1707435900510385927, 
-4.889616012573242, 6.988293647766113, 1.3949610029578727, 1707435900559147866, 
-4.886839866638184, 7.003293991088867, 1.4183303294276053, 1707435900610062920, 
-4.884998798370361, 7.015443801879883, 1.4360909896030467, 1707435900650108882, 
-4.883030891418457, 7.030948638916016, 1.46125704569032, 1707435900700228376, 
-4.881250381469727, 7.0462965965271, 1.4857802771882338, 1707435900750327058, 
-4.879742622375488, 7.064979076385498, 1.514710625622658, 1707435900810128279, 
-4.879039287567139, 7.080368518829346, 1.540538363590398, 1707435900860256816, 
-4.878602027893066, 7.096240997314453, 1.569061084889003, 1707435900910320226, 
-4.878671169281006, 7.112067699432373, 1.5954001580316182, 1707435900959113769, 
-4.879202365875244, 7.127554893493652, 1.6202885242872995, 1707435901010066026, 
-4.879923343658447, 7.139693260192871, 1.6392272069999028, 1707435901050108131, 
-4.881006717681885, 7.155060291290283, 1.6630161476612841, 1707435901100234366, 
-4.882622241973877, 7.1708807945251465, 1.6876871775933457, 1707435901149912525, 
-4.884854793548584, 7.189770221710205, 1.719362909080397, 1707435901210131347, 
-4.88737678527832, 7.205646514892578, 1.7444406263086591, 1707435901260133542, 
-4.889232158660889, 7.2149224281311035, 1.7586462760196748, 1707435901290238660, 
-4.8933939933776855, 7.2365922927856445, 1.7936883143773517, 1707435901360146051, 
-4.897068977355957, 7.25206995010376, 1.818764709907485, 1707435901410068875, 
-4.900264263153076, 7.2644267082214355, 1.8378155049213643, 1707435901450235816, 
-4.904637336730957, 7.27984619140625, 1.8647433045362651, 1707435901501273692, 
-4.909431457519531, 7.295151710510254, 1.8899807595490918, 1707435901550155794, 
-4.915439128875732, 7.313136100769043, 1.920317079391126, 1707435901610095307, 
-4.920888423919678, 7.328032970428467, 1.9447078307632242, 1707435901659925595, 
-4.92676305770874, 7.342935085296631, 1.9689580436957597, 1707435901710173706, 
-4.933135986328125, 7.357720851898193, 1.9953785981062877, 1707435901760116426, 
-4.939618110656738, 7.372490406036377, 2.020736828453141, 1707435901810353013, 
-4.945398807525635, 7.384063720703125, 2.0398816357035585, 1707435901850168518, 
-4.952791690826416, 7.39846134185791, 2.066334271588219, 1707435901900387331, 
-4.960503101348877, 7.412654876708984, 2.09055607613364, 1707435901950268094, 
-4.970410346984863, 7.4294257164001465, 2.1202994119437992, 1707435902010392845, 
-4.97868537902832, 7.443009853363037, 2.1444985677922612, 1707435902060147059, 
-4.987287521362305, 7.456400394439697, 2.1703057688974616, 1707435902110203960, 
-4.996784210205078, 7.469954490661621, 2.1954867801667066, 1707435902160162990, 
-5.006317138671875, 7.483179092407227, 2.2213130172340336, 1707435902210075706, 
-5.014117240905762, 7.493485927581787, 2.2409627135068813, 1707435902250126904, 
-5.0243988037109375, 7.506097793579102, 2.265579165481845, 1707435902300251145, 
-5.034693717956543, 7.518567085266113, 2.290190981791413, 1707435902350748517, 
-5.045438289642334, 7.530817985534668, 2.3150214316119393, 1707435902400169048, 
-5.058969020843506, 7.5452494621276855, 2.345260102867789, 1707435902460412647, 
-5.07033109664917, 7.556899070739746, 2.371911790822035, 1707435902510178012, 
-5.08231782913208, 7.56825590133667, 2.3973727427985354, 1707435902560156259, 
-5.094344139099121, 7.579355239868164, 2.422641992055002, 1707435902610081873, 
-5.1041083335876465, 7.587944507598877, 2.4423927582496936, 1707435902650128465, 
-5.1168975830078125, 7.598516464233398, 2.4666870418093354, 1707435902700287851, 
-5.130216598510742, 7.609161376953125, 2.4915305209175296, 1707435902750546942, 
-5.146067142486572, 7.621278285980225, 2.5211258893513606, 1707435902810142112, 
-5.159313201904297, 7.630362510681152, 2.5458123601876608, 1707435902860162829, 
-5.172881126403809, 7.639647006988525, 2.5715098498075135, 1707435902910422567, 
-5.187083721160889, 7.648491859436035, 2.595940600223807, 1707435902960162878, 
-5.201352596282959, 7.657026767730713, 2.6201444715540916, 1707435903010084238, 
-5.2127556800842285, 7.663655757904053, 2.6413633681322213, 1707435903050124997, 
-5.227548599243164, 7.671698570251465, 2.6665327084223285, 1707435903100129057, 
-5.242629528045654, 7.679433822631836, 2.692856112765277, 1707435903150358703, 
-5.26085901260376, 7.688117980957031, 2.7227775925689373, 1707435903210135986, 
-5.275903224945068, 7.6948771476745605, 2.7473392530867935, 1707435903260164641, 
-5.291312217712402, 7.701250076293945, 2.772665002341772, 1707435903310186652, 
-5.307015895843506, 7.707181930541992, 2.7972554745117013, 1707435903360189414, 
-5.322729587554932, 7.712674617767334, 2.8234202432235973, 1707435903410088481, 
-5.335611820220947, 7.71688175201416, 2.8446152524632593, 1707435903450133724, 
-5.352076053619385, 7.721653938293457, 2.8695716977125696, 1707435903500141279, 
-5.3683695793151855, 7.726211071014404, 2.8943796309931535, 1707435903549874471, 
-5.38812255859375, 7.731019973754883, 2.923033714082301, 1707435903610180414, 
-5.404416084289551, 7.73441743850708, 2.9485103823953343, 1707435903660408069, 
-5.4212565422058105, 7.737806797027588, 2.974475391810791, 1707435903710397808, 
-5.43820333480835, 7.740385055541992, 2.998969772296035, 1707435903760168613, 
-5.45506477355957, 7.742773532867432, 3.0236842654696945, 1707435903810091277, 
-5.468479156494141, 7.74444055557251, 3.0437466915180296, 1707435903850140791, 
-5.485275745391846, 7.745996475219727, 3.068246357982268, 1707435903900156166, 
-5.502547264099121, 7.747008800506592, 3.0928638067551546, 1707435903949905681, 
-5.5199785232543945, 7.7478556632995605, 3.118234633769788, 1707435904000210800, 
-5.540763854980469, 7.748188018798828, -3.1345324507090426, 1707435904061170038, 
-5.557676315307617, 7.748096942901611, -3.1102564382246274, 1707435904110183500, 
-5.574997901916504, 7.747337341308594, -3.0848608089875103, 1707435904160173528, 
-5.5920257568359375, 7.746460437774658, -3.0592193507637355, 1707435904210097573, 
-5.605867385864258, 7.745364189147949, -3.03842068949076, 1707435904250142951, 
-5.622953414916992, 7.743607521057129, -3.0136096421385608, 1707435904301167964, 
-5.640298843383789, 7.741311073303223, -2.9881601403219196, 1707435904350372532, 
-5.657514572143555, 7.738452434539795, -2.962940438607977, 1707435904400723441, 
-5.677672863006592, 7.734714984893799, -2.9340426721030024, 1707435904460268804, 
-5.694499969482422, 7.731186866760254, -2.910886754031356, 1707435904510185770, 
-5.711692810058594, 7.72694730758667, -2.8854753760907763, 1707435904560147621, 
-5.728575229644775, 7.722482681274414, -2.859835118740935, 1707435904610100570, 
-5.741813659667969, 7.7186431884765625, -2.838803757390073, 1707435904650147232, 
-5.758681297302246, 7.713291645050049, -2.814028995714573, 1707435904700187229, 
-5.775373935699463, 7.707770824432373, -2.788804129589816, 1707435904750802079, 
-5.791533946990967, 7.701602458953857, -2.7639131881603576, 1707435904800196531, 
-5.8110032081604, 7.694000244140625, -2.7329588244515373, 1707435904861189237, 
-5.827150344848633, 7.686949253082275, -2.7083771915149484, 1707435904910204848, 
-5.8432769775390625, 7.679193019866943, -2.682729031989749, 1707435904960180428, 
-5.859089374542236, 7.671428203582764, -2.6568276054091764, 1707435905010102208, 
-5.871364116668701, 7.6647491455078125, -2.6374795144708107, 1707435905050142261, 
-5.886537551879883, 7.656424045562744, -2.6144006282342334, 1707435905100201542, 
-5.901706218719482, 7.647327423095703, -2.590507450398929, 1707435905150360324, 
-5.916655540466309, 7.638092517852783, -2.5651083248897124, 1707435905200188826, 
-5.93453311920166, 7.626345157623291, -2.5351641541801015, 1707435905261193842, 
-5.948983192443848, 7.616042137145996, -2.511700337031917, 1707435905310200037, 
-5.963259220123291, 7.605611324310303, -2.487111114362193, 1707435905360183074, 
-5.977248668670654, 7.59462833404541, -2.463565880691408, 1707435905410105404, 
-5.988190174102783, 7.5858473777771, -2.4433989647193832, 1707435905450208122, 
-6.0018744468688965, 7.5742292404174805, -2.4180473478419993, 1707435905500242741, 
-6.015092372894287, 7.562592506408691, -2.393144256844559, 1707435905549876513, 
-6.028048038482666, 7.55054235458374, -2.369349846381613, 1707435905600239233, 
-6.043191432952881, 7.535542011260986, -2.341899638164254, 1707435905660190168, 
-6.055598735809326, 7.522645473480225, -2.318489033136036, 1707435905710204089, 
-6.067720890045166, 7.509239673614502, -2.293973416035425, 1707435905760377075, 
-6.079414367675781, 7.495818138122559, -2.269124577527981, 1707435905810126304, 
-6.088680267333984, 7.484775066375732, -2.249519590731944, 1707435905850160364, 
-6.099750518798828, 7.4705634117126465, -2.225686502579075, 1707435905900235502, 
-6.110814094543457, 7.456264495849609, -2.201446799534424, 1707435905950832631, 
-6.121201992034912, 7.441876411437988, -2.1773536200875343, 1707435906000178779, 
-6.133574962615967, 7.423751354217529, -2.1487101558888098, 1707435906061170160, 
-6.143363952636719, 7.408675193786621, -2.12554495582117, 1707435906110204150, 
-6.152518272399902, 7.393245697021484, -2.1021280453210016, 1707435906160168710, 
-6.1616950035095215, 7.377802848815918, -2.0786767163787023, 1707435906210116425, 
-6.168819427490234, 7.365089416503906, -2.060131078191542, 1707435906250161528, 
-6.177118301391602, 7.349228382110596, -2.037220878942669, 1707435906300252020, 
-6.185307025909424, 7.333272933959961, -2.0131034996012973, 1707435906350627464, 
-6.192688941955566, 7.316691875457764, -1.989071601764723, 1707435906400203359, 
-6.20187520980835, 7.2967071533203125, -1.9590796297515918, 1707435906461179624, 
-6.205870151519775, 7.286319255828857, -1.9462941611442486, 1707435906490215941, 
-6.215040683746338, 7.262641429901123, -1.9145780148965916, 1707435906560196362, 
-6.2212042808532715, 7.245540142059326, -1.8911211556045124, 1707435906610138709, 
-6.2257490158081055, 7.231626033782959, -1.8722584387113068, 1707435906650165802, 
-6.231233596801758, 7.2140116691589355, -1.8483199848720462, 1707435906701260676, 
-6.236016750335693, 7.196313381195068, -1.8262430424695288, 1707435906750482283, 
-6.240623474121094, 7.178680896759033, -1.8031732569746959, 1707435906800211637, 
-6.245570182800293, 7.156998157501221, -1.7767220121058926, 1707435906860201317, 
-6.249400615692139, 7.139062404632568, -1.752904343973397, 1707435906910219703, 
-6.252784729003906, 7.120975971221924, -1.7292009988252883, 1707435906960203770, 
-6.255424976348877, 7.102832317352295, -1.7060460354211089, 1707435907010135453, 
-6.257508754730225, 7.08821964263916, -1.686028342491849, 1707435907050169032, 
-6.259401321411133, 7.069987773895264, -1.663751397684187, 1707435907100270279, 
-6.261025905609131, 7.052168846130371, -1.6425847852511335, 1707435907149938524, 
-6.262217998504639, 7.034132957458496, -1.6225060747517241, 1707435907200219416, 
-6.263279914855957, 7.011870384216309, -1.5961125801979354, 1707435907261183413, 
-6.26362943649292, 6.993318557739258, -1.5748307973294537, 1707435907310215605, 
-6.263547897338867, 6.975033760070801, -1.5522988618495925, 1707435907360208071, 
-6.263268947601318, 6.956608295440674, -1.5287450878678037, 1707435907410128130, 
-6.262452125549316, 6.941880702972412, -1.5122496497141744, 1707435907450235592, 
-6.261437892913818, 6.923501014709473, -1.4897317883688348, 1707435907500880760, 
-6.25905179977417, 6.897882461547852, -1.4591248642006236, 1707435907570842901, 
-6.2574849128723145, 6.8831071853637695, -1.441446613469835, 1707435907611198424, 
-6.254971027374268, 6.864965438842773, -1.4205278090525453, 1707435907661085434, 
-6.2520856857299805, 6.847010612487793, -1.3999756079994359, 1707435907709985523, 
-6.249050140380859, 6.829121112823486, -1.3782012426205474, 1707435907760343364, 
-6.245365619659424, 6.811092376708984, -1.356493122911507, 1707435907810375296, 
-6.242346286773682, 6.796664237976074, -1.3381159605653308, 1707435907850220606, 
-6.238093376159668, 6.778728008270264, -1.31654503864869, 1707435907901332228, 
-6.23391056060791, 6.7623610496521, -1.2931266087940654, 1707435907949928845, 
-6.229795455932617, 6.747629642486572, -1.2691453537658068, 1707435908000185939, 
-6.224895477294922, 6.732601642608643, -1.2376847445794172, 1707435908061202931, 
-6.221042156219482, 6.7218217849731445, -1.2115195137491022, 1707435908110458585, 
-6.2169880867004395, 6.7114973068237305, -1.187076777811705, 1707435908160213516, 
-6.211071491241455, 6.6978759765625, -1.160316408952703, 1707435908210133647, 
-6.205682754516602, 6.68533992767334, -1.141986444190663, 1707435908250179693, 
-6.19772481918335, 6.668387413024902, -1.1250391174190086, 1707435908300305187, 
-6.189230918884277, 6.6510233879089355, -1.1097372510627268, 1707435908350180644, 
-6.180598735809326, 6.6341023445129395, -1.0939470388363235, 1707435908400213500, 
-6.17034387588501, 6.6142964363098145, -1.0708739897871107, 1707435908460214067, 
-6.161313056945801, 6.597834587097168, -1.0502761581955353, 1707435908510225431, 
-6.151980876922607, 6.5817179679870605, -1.0320129140508667, 1707435908560224801, 
-6.142345905303955, 6.565848350524902, -1.0132826552692937, 1707435908610348820, 
-6.134528160095215, 6.553216457366943, -0.9979310573981449, 1707435908650184381, 
-6.1245198249816895, 6.537807941436768, -0.9769453735760514, 1707435908701431959, 
-6.113968849182129, 6.522430419921875, -0.957204138118137, 1707435908750112006, 
-6.103077411651611, 6.507238388061523, -0.9372980262032451, 1707435908800225450, 
-6.089548110961914, 6.489022731781006, -0.9149810786336747, 1707435908861199290, 
-6.078028678894043, 6.474335670471191, -0.8970291955500281, 1707435908910220104, 
-6.066146373748779, 6.459418296813965, -0.8782127020786834, 1707435908960219426, 
-6.054230690002441, 6.445281028747559, -0.8595451999928866, 1707435909010141735, 
-6.0439839363098145, 6.433719635009766, -0.8440338385311272, 1707435909050180223, 
-6.031403064727783, 6.419498920440674, -0.824107565678829, 1707435909101314662, 
-6.018517017364502, 6.4057936668396, -0.8056176996122939, 1707435909150124499, 
-6.002552032470703, 6.389359474182129, -0.7841859236254192, 1707435909210309609, 
-5.989126205444336, 6.376092910766602, -0.7662458714025339, 1707435909261264078, 
-5.975382328033447, 6.3630290031433105, -0.7478644854361959, 1707435909310240927, 
-5.961430549621582, 6.350243091583252, -0.7286442483987928, 1707435909360255143, 
-5.947177886962891, 6.337786674499512, -0.7102734346216824, 1707435909410145261, 
-5.935485363006592, 6.328038692474365, -0.6965872551168046, 1707435909450180078, 
-5.920799255371094, 6.315779209136963, -0.6779853798799071, 1707435909500319617, 
-5.905740737915039, 6.304067134857178, -0.6614482747344059, 1707435909550217002, 
-5.890594005584717, 6.292387962341309, -0.644392682922629, 1707435909600233321, 
-5.872200012207031, 6.278810977935791, -0.6203894134329084, 1707435909660598046, 
-5.856747627258301, 6.267889022827148, -0.6008316318301751, 1707435909710278529, 
-5.841074466705322, 6.257247447967529, -0.5824180709662855, 1707435909760226122, 
-5.825305461883545, 6.247010231018066, -0.564633400642836, 1707435909810148445, 
-5.812315464019775, 6.238779544830322, -0.5494121880530927, 1707435909850196501, 
-5.795725345611572, 6.228879928588867, -0.5309705753429647, 1707435909901348830, 
-5.779297828674316, 6.2192158699035645, -0.511593600621866, 1707435909949918522, 
-5.762475967407227, 6.210096836090088, -0.49438850556499025, 1707435910000240130, 
-5.742394924163818, 6.19954776763916, -0.47317878373978295, 1707435910061212739, 
-5.72540283203125, 6.1911702156066895, -0.45680109231029414, 1707435910110233244, 
-5.708284854888916, 6.182785987854004, -0.43784817323919084, 1707435910160240214, 
-5.690905570983887, 6.174814701080322, -0.41944305469270843, 1707435910210151776, 
-5.676926612854004, 6.168602466583252, -0.4048215068898067, 1707435910250199856, 
-5.659339427947998, 6.160948276519775, -0.38556354348405675, 1707435910301323607, 
-5.641540050506592, 6.154083251953125, -0.3686920023618626, 1707435910350551903, 
-5.623751163482666, 6.147286891937256, -0.3508636488106837, 1707435910400235805, 
-5.602036476135254, 6.139705657958984, -0.3278868512616944, 1707435910461317416, 
-5.583780288696289, 6.13350772857666, -0.30903170068655117, 1707435910510287820, 
-5.5655999183654785, 6.127862930297852, -0.2911445846379014, 1707435910560498499, 
-5.547155857086182, 6.122557163238525, -0.27258577696412634, 1707435910610346141, 
-5.532552719116211, 6.118635177612305, -0.25825512427328673, 1707435910650563225, 
-5.514022350311279, 6.113733291625977, -0.24154696305188428, 1707435910701492428, 
-5.495540618896484, 6.109364986419678, -0.22439976635953277, 1707435910750590536, 
-5.4728169441223145, 6.10447359085083, -0.20066823434140013, 1707435910810059658, 
-5.45395565032959, 6.100719451904297, -0.18224632972704433, 1707435910861045198, 
-5.435709476470947, 6.097493648529053, -0.16508943736507672, 1707435910910303081, 
-5.418659210205078, 6.0945844650268555, -0.1439837847655045, 1707435910960255317, 
-5.4033026695251465, 6.092316150665283, -0.12267000479453637, 1707435911010322946, 
-5.392031192779541, 6.090944766998291, -0.1027403393847773, 1707435911050430328, 
-5.379291534423828, 6.089575290679932, -0.07631160031322891, 1707435911102433803, 
-5.368396282196045, 6.088971138000488, -0.05328372762558114, 1707435911149985439, 
-5.3566484451293945, 6.088282108306885, -0.022596791362687104, 1707435911209920576, 
-5.348584175109863, 6.0880231857299805, 0.002514817459820869, 1707435911260890622, 
-5.344484329223633, 6.0880327224731445, 0.017090585386657794, 1707435911291660067, 
-5.336927890777588, 6.088377475738525, 0.05186060019737399, 1707435911360262741, 
-5.333408355712891, 6.088505268096924, 0.07742185285199536, 1707435911410163029, 
-5.331358909606934, 6.088649749755859, 0.09624213612068305, 1707435911450209872, 
-5.329523086547852, 6.088745594024658, 0.11409307404320568, 1707435911501208505, 
-5.32835578918457, 6.088613986968994, 0.12387001311555138, 1707435911550284503, 
-5.328035354614258, 6.088651180267334, 0.12766374496207558, 1707435911600243003, 
-5.327940464019775, 6.088625431060791, 0.12697190178208828, 1707435911661228965, 
-5.32442569732666, 6.089286804199219, 0.13514149186842808, 1707435911710257696, 
-5.318356037139893, 6.090145111083984, 0.14311250802921124, 1707435911760349599, 
-5.309859275817871, 6.091430187225342, 0.1541015783948226, 1707435911810165685, 
-5.302281856536865, 6.0926194190979, 0.16515216624182047, 1707435911851214993, 
-5.290719509124756, 6.094491004943848, 0.17996854455114913, 1707435911901212879, 
-5.277296543121338, 6.097055912017822, 0.1967220873428228, 1707435911950137592, 
-5.262098789215088, 6.100215435028076, 0.2147314184008304, 1707435912000241944, 
-5.241375923156738, 6.104823112487793, 0.23927176589370122, 1707435912060245439, 
-5.222660064697266, 6.109632968902588, 0.2562439487941449, 1707435912110269819, 
-5.203607082366943, 6.114678859710693, 0.27143516080275076, 1707435912160361830, 
-5.184598922729492, 6.120347499847412, 0.28595538388244857, 1707435912210170055, 
-5.16998815536499, 6.124759674072266, 0.29809323379474173, 1707435912250205756, 
-5.151586532592773, 6.130278587341309, 0.3150425085202078, 1707435912301248800, 
-5.133666515350342, 6.136347770690918, 0.33110261332664387, 1707435912350215549, 
-5.115530967712402, 6.142579555511475, 0.3487258807474728, 1707435912400318499, 
-5.094116687774658, 6.150528907775879, 0.3700420016017608, 1707435912461249597, 
-5.076400279998779, 6.157407283782959, 0.38773172822276963, 1707435912510263650, 
-5.058585166931152, 6.164768695831299, 0.4060776378471915, 1707435912560252572, 
-5.040822982788086, 6.172544479370117, 0.42391037187809755, 1707435912610175006, 
-5.027057647705078, 6.178915023803711, 0.43832475407540256, 1707435912650218019, 
-5.009200572967529, 6.187312602996826, 0.45702057278318015, 1707435912701362886, 
-4.992039203643799, 6.196165084838867, 0.47316302602487564, 1707435912750304623, 
-4.9713215827941895, 6.206622123718262, 0.4949376296556823, 1707435912810323487, 
-4.954650402069092, 6.215932369232178, 0.5124913355676088, 1707435912861252267, 
-4.938117980957031, 6.225602626800537, 0.5287443350196062, 1707435912910340709, 
-4.921676158905029, 6.235231399536133, 0.546914264715086, 1707435912960256625, 
-4.905427932739258, 6.245262622833252, 0.5643192669150354, 1707435913010190399, 
-4.892250061035156, 6.253603935241699, 0.5776814146724673, 1707435913050211561, 
-4.8760151863098145, 6.26432991027832, 0.5945834541762646, 1707435913101292334, 
-4.860070705413818, 6.275193214416504, 0.6117361016098558, 1707435913150626557, 
-4.844420909881592, 6.2864990234375, 0.6292018199858925, 1707435913200233902, 
-4.825934410095215, 6.30001163482666, 0.6507905071377599, 1707435913261260205, 
-4.810694694519043, 6.311810493469238, 0.6660992460032851, 1707435913310347117, 
-4.795162677764893, 6.324167251586914, 0.6840833617029707, 1707435913360256310, 
-4.780355453491211, 6.336516857147217, 0.7013516127910706, 1707435913410181481, 
-4.768520355224609, 6.34658145904541, 0.7147144288618742, 1707435913451416781, 
-4.754179000854492, 6.359172344207764, 0.7297875039605572, 1707435913500557527, 
-4.739932060241699, 6.372013568878174, 0.745022241217573, 1707435913549877393, 
-4.72323751449585, 6.387759685516357, 0.7643624762230427, 1707435913611318354, 
-4.709374904632568, 6.40117073059082, 0.7821589889430576, 1707435913660583669, 
-4.695860385894775, 6.4147820472717285, 0.7980248813530822, 1707435913710059047, 
-4.682475566864014, 6.428533554077148, 0.8140633182804986, 1707435913760262238, 
-4.669329643249512, 6.442780017852783, 0.8298991483678703, 1707435913810332538, 
-4.658985614776611, 6.454076290130615, 0.8433413676727805, 1707435913850225326, 
-4.6461029052734375, 6.468594551086426, 0.8611625040260962, 1707435913901324225, 
-4.633730411529541, 6.483500003814697, 0.8773189276918688, 1707435913950317019, 
-4.621163368225098, 6.498669147491455, 0.8944589457238751, 1707435914000276500, 
-4.606836318969727, 6.516903877258301, 0.9136937370524539, 1707435914061261275, 
-4.595257759094238, 6.532005786895752, 0.9291499527281873, 1707435914110356448, 
-4.583920001983643, 6.547563552856445, 0.9456004752751835, 1707435914160257084, 
-4.572600364685059, 6.5633320808410645, 0.9630840067906787, 1707435914210188273, 
-4.5637946128845215, 6.576216220855713, 0.9761195117746145, 1707435914250234416, 
-4.553245544433594, 6.592037200927734, 0.9922427536349553, 1707435914301336779, 
-4.543023109436035, 6.608325481414795, 1.0081266958348685, 1707435914350829933, 
-4.5327253341674805, 6.624544143676758, 1.0245263430241192, 1707435914400275878, 
-4.520951747894287, 6.644421577453613, 1.044276121501975, 1707435914461271589, 
-4.511292457580566, 6.661200523376465, 1.0609375988852547, 1707435914510382227, 
-4.502105236053467, 6.678192615509033, 1.0766829886699394, 1707435914560278007, 
-4.493107318878174, 6.695276737213135, 1.0920770923299885, 1707435914610191728, 
-4.485996246337891, 6.70918607711792, 1.1048391616051616, 1707435914650238076, 
-4.47742223739624, 6.7263407707214355, 1.1214485295479542, 1707435914700353236, 
-4.46915340423584, 6.7439985275268555, 1.1382662040831601, 1707435914750717682, 
-4.461162567138672, 6.761683464050293, 1.1551442565176073, 1707435914800275656, 
-4.451910972595215, 6.783010005950928, 1.1749334001062377, 1707435914859874004, 
-4.444599151611328, 6.800806999206543, 1.190095179249577, 1707435914910463599, 
-4.437551021575928, 6.81890869140625, 1.2058088821518398, 1707435914960385936, 
-4.430962562561035, 6.836770057678223, 1.2217582247149479, 1707435915010193642, 
-4.425663471221924, 6.851525783538818, 1.2357543651805347, 1707435915050236947, 
-4.419382095336914, 6.870060920715332, 1.2536281349272895, 1707435915101358965, 
-4.413389205932617, 6.888225078582764, 1.2697380575345156, 1707435915150503149, 
-4.408108711242676, 6.906737327575684, 1.283192096948578, 1707435915200286071, 
-4.401707649230957, 6.9289751052856445, 1.3027857384390826, 1707435915261280718, 
-4.3968825340271, 6.947535514831543, 1.3182663474170992, 1707435915310294395, 
-4.392070770263672, 6.9667534828186035, 1.3351432073617389, 1707435915360302426, 
-4.3877716064453125, 6.985701560974121, 1.3505618712082386, 1707435915410197872, 
-4.384538650512695, 7.000628471374512, 1.36235704167681, 1707435915451245841, 
-4.3805108070373535, 7.019430637359619, 1.3767487334642177, 1707435915501348020, 
-4.3770751953125, 7.038465976715088, 1.3918631876450767, 1707435915549930962, 
-4.373720169067383, 7.057403564453125, 1.407032159954506, 1707435915600270385, 
-4.370028495788574, 7.0803751945495605, 1.426680011120862, 1707435915661292882, 
-4.367491245269775, 7.099592208862305, 1.441456122666174, 1707435915710297735, 
-4.365208625793457, 7.118884563446045, 1.456846308098281, 1707435915760298208, 
-4.363148212432861, 7.138049602508545, 1.4726589569624782, 1707435915810200652, 
-4.361666202545166, 7.153144359588623, 1.4854021422576942, 1707435915851250440, 
-4.360080718994141, 7.172970771789551, 1.500619206162525, 1707435915901394616, 
-4.358911514282227, 7.192187786102295, 1.5149877697293614, 1707435915950457372, 
-4.357830047607422, 7.215440273284912, 1.5342273167120548, 1707435916010110922, 
-4.357376575469971, 7.230584144592285, 1.5464524216841784, 1707435916050270751, 
-4.356932163238525, 7.254095554351807, 1.5650831666955463, 1707435916110302344, 
-4.35708475112915, 7.273383140563965, 1.5801235118025565, 1707435916160518176, 
-4.35731315612793, 7.292832374572754, 1.5954054153014454, 1707435916210207950, 
-4.357828140258789, 7.308261871337891, 1.607645704111832, 1707435916250246963, 
-4.358577728271484, 7.327656269073486, 1.6225454175066851, 1707435916300376714, 
-4.359940052032471, 7.346779823303223, 1.6375181852452128, 1707435916350555228, 
-4.361237525939941, 7.365938186645508, 1.6529015910629488, 1707435916400298101, 
-4.363061904907227, 7.385282039642334, 1.6672905497106492, 1707435916451241499, 
-4.365416049957275, 7.408227920532227, 1.684839512137999, 1707435916510426189, 
-4.367920398712158, 7.427653789520264, 1.6987390813111578, 1707435916560050594, 
-4.370361804962158, 7.447054862976074, 1.71473915495891, 1707435916610211586, 
-4.372894763946533, 7.4625444412231445, 1.7267661838324966, 1707435916650247099, 
-4.375951766967773, 7.481468200683594, 1.7418805109536404, 1707435916701386606, 
-4.3794474601745605, 7.500626564025879, 1.7565435596823111, 1707435916750349922, 
-4.383326530456543, 7.519589900970459, 1.7727418285376926, 1707435916800296011, 
-4.388333320617676, 7.5426025390625, 1.7924147328286715, 1707435916861290279, 
-4.3926239013671875, 7.561429500579834, 1.8069718493190376, 1707435916910561085, 
-4.3974528312683105, 7.580228328704834, 1.820544603151589, 1707435916960310401, 
-4.402218341827393, 7.598484992980957, 1.8365568120294222, 1707435917010212149, 
-4.406535625457764, 7.614103317260742, 1.8492837246714466, 1707435917050252505, 
-4.412149906158447, 7.632748126983643, 1.8627755761123277, 1707435917101387998, 
-4.417919635772705, 7.651620864868164, 1.8765191977129572, 1707435917150374566, 
-4.424076080322266, 7.6700053215026855, 1.8919174009372877, 1707435917200314290, 
-4.431575298309326, 7.691952228546143, 1.910850524211439, 1707435917261347003, 
-4.438211917877197, 7.710047245025635, 1.9250161508010635, 1707435917310474166, 
-4.445093631744385, 7.728418350219727, 1.9405295164478849, 1707435917360306018, 
-4.452162265777588, 7.746253490447998, 1.9551466836644726, 1707435917410216254, 
-4.458209991455078, 7.761138439178467, 1.966832155535464, 1707435917451257375, 
-4.465794086456299, 7.778931140899658, 1.981556865250726, 1707435917500414771, 
-4.473673343658447, 7.796769618988037, 1.996056273665344, 1707435917550439374, 
-4.481749057769775, 7.814230918884277, 2.0110759945480536, 1707435917600313904, 
-4.490351676940918, 7.831912040710449, 2.0270390102001485, 1707435917651286909, 
-4.500710964202881, 7.852695465087891, 2.044691977259418, 1707435917711306652, 
-4.509621620178223, 7.869841575622559, 2.0584970009191785, 1707435917760302854, 
-4.518648624420166, 7.886275768280029, 2.072360217942249, 1707435917810222081, 
-4.526433944702148, 7.900569915771484, 2.085335199208538, 1707435917851269580, 
-4.536159038543701, 7.917351245880127, 2.0989671972648036, 1707435917901424385, 
-4.55003547668457, 7.940436840057373, 2.1192090428162595, 1707435917970392536, 
-4.556455612182617, 7.950675964355469, 2.127864749280455, 1707435918000296214, 
-4.568876266479492, 7.970278739929199, 2.145214028646746, 1707435918061295250, 
-4.579561710357666, 7.986342430114746, 2.159156984689514, 1707435918110319494, 
-4.59048318862915, 8.002620697021484, 2.1754160731932273, 1707435918160312360, 
-4.601470470428467, 8.018379211425781, 2.190685264712255, 1707435918210225396, 
-4.610997676849365, 8.0314359664917, 2.2017869453606056, 1707435918251268060, 
-4.622344493865967, 8.046920776367188, 2.2157264300401462, 1707435918301419516, 
-4.6342010498046875, 8.062254905700684, 2.229447656120659, 1707435918350678406, 
-4.646190643310547, 8.077613830566406, 2.2439801094775316, 1707435918400613396, 
-4.6608147621154785, 8.095539093017578, 2.2622269426750448, 1707435918461295442, 
-4.673316478729248, 8.110273361206055, 2.276063598808904, 1707435918510398270, 
-4.685762405395508, 8.124712944030762, 2.290188545559539, 1707435918560411634, 
-4.6986775398254395, 8.139232635498047, 2.303773354011152, 1707435918611229566, 
-4.709113121032715, 8.150769233703613, 2.314817018860539, 1707435918651268927, 
-4.722553253173828, 8.164822578430176, 2.3279999816539885, 1707435918701427088, 
-4.735982894897461, 8.178833961486816, 2.3421077691651373, 1707435918750520433, 
-4.7495880126953125, 8.192729949951172, 2.3572550426651606, 1707435918800318621, 
-4.76361083984375, 8.206215858459473, 2.37194817910342, 1707435918851234272, 
-4.780680179595947, 8.222550392150879, 2.3889823812136557, 1707435918910326131, 
